Review Title,Review Body,Review Rate,Review Date
A BRANDED AND AFFORDABLE COMPACT FOR INDIAN SKIN TONE.,"This is a branded yet affordable, matte finish compact powder for daily wear . I found this affordable and effective range of Maybelline Fit Me products during my product research. This Compact Powder pack is available in 6 unique shades. I have a fair skin tone and so I choose to order 330 TOFFEE shades for my skin. The 8 gms powder cake is packed in a beautiful-looking black round box, it has a round sponge applicator and a mirror on the lid. The Maybelline compact powder comes in an easy-to-use and easy-to-carry pack. I got it for a deal price of just Rs.180/- and I am very happy about it. This Compact Powder offers a matte finish and 12 hours of oil control with the goodness of SPF28 PA+++ to give complete sun protection.
I do not like to use a lot of make-up actually and I am not a makeup expert. I use this Maybelline Fit me compact powder over Maybelline Fit me matte plus a poreless liquid foundation of the same shade 330 TOFFEE. This compact powder when applied using the sponge applicator on the liquid foundation, it forms a thin layer giving a natural-looking matte finish. This 330 TOFFEE shade suits my skin tone nicely. Before starting the makeup, I do cleanse my face first and apply a light moisturizer. On that I apply liquid foundation first, I do not use concealer, then I use Maybelline Fit Me Compact powder to layer the skin with a natural and matte finish. The liquid foundation easily covers my dark spots and uneven skin tone with its medium coverage. The compact powder applied over it feels lightweight and offers a comfortable natural matte look for a longer time.",,Reviewed in India ğŸ‡®ğŸ‡³ on 25 April 2023
330 toffee shade..skin tone se bhut match kerta hai,"waise yeh product bhut zyada costly hai but I always usr it and manage to spent this much money cause it is suitable for dusky to dark skin.330 toffee shade is suitable to me..
310 natural color achcha lagta hai lekin smjhne bhi aata hai kuch lagaye lekin 330 toh match hojata minimal make-up jaise..aur fake nahi lagta.",,Reviewed in India ğŸ‡®ğŸ‡³ on 7 May 2023
Nice product,I liked it so much,,Reviewed in India ğŸ‡®ğŸ‡³ on 2 May 2023
Good very nice product,Like so much,,Reviewed in India ğŸ‡®ğŸ‡³ on 28 April 2023
Good coverage,U can used without foundation's for light makeup nice ğŸ˜Š,,Reviewed in India ğŸ‡®ğŸ‡³ on 27 April 2023
"Good quality, Must buy",,,Reviewed in India ğŸ‡®ğŸ‡³ on 25 April 2023
Very good product,Its smooth and light weight and it's not showing to much natural look so go and buy it no towt at all,,Reviewed in India ğŸ‡®ğŸ‡³ on 23 April 2023
Loved it,Awesome,,Reviewed in India ğŸ‡®ğŸ‡³ on 27 April 2023
Quality,Super,,Reviewed in India ğŸ‡®ğŸ‡³ on 17 April 2023
Moderate coverage,It pulls out oil from face so get rid of that greasy look. But wouldnâ€™t say itâ€™s long lasting. Few hours max. Donâ€™t know about sun protection.,,Reviewed in India ğŸ‡®ğŸ‡³ on 1 April 2023
Price,Good product good,,"Reviewed in India ğŸ‡®ğŸ‡³ on April 11, 2023"
Good product,Good but â€¦I got breakouts after using this.,,"Reviewed in India ğŸ‡®ğŸ‡³ on March 20, 2023"
"Shade is warm nude, I have yellowish tone fair skin colour",Warm nude perfectly suits on my tone. I received this today and after using it in the morning a pimple is appeared on my face. I don't know is the pimple appeared after using it or any other reasons.,,"Reviewed in India ğŸ‡®ğŸ‡³ on April 17, 2023"
Maybelline,"Not worth it.. i hate Mayeblline products.. over rated whitish looks..,, even mamaearth is so good adjust with skin tone nd gives me glowing skin.. foundation and hydra cc both are really good",,"Reviewed in India ğŸ‡®ğŸ‡³ on April 15, 2023"
"Super product, shade and price",This is the best as per the pricing you cant get a better quality compact from a safe established brand. Shade suits indian complexion too. Just go for it,,"Reviewed in India ğŸ‡®ğŸ‡³ on April 27, 2023"
Nice,Good Product,,"Reviewed in India ğŸ‡®ğŸ‡³ on May 9, 2023"
Mayblline fit me,I love that product just minutes my face is so glow so shine super product thank you mayblline,,"Reviewed in India ğŸ‡®ğŸ‡³ on March 2, 2023"
Value of money,I use this product everyday. Observe face oil well and gives you a glam look,,"Reviewed in India ğŸ‡®ğŸ‡³ on April 27, 2023"
Compact powder,Acha h ap sb buy kr skte ho ğŸ™ğŸ’¥â¤ï¸â¤ï¸,,"Reviewed in India ğŸ‡®ğŸ‡³ on March 1, 2023"
Good product,,,"Reviewed in India ğŸ‡®ğŸ‡³ on May 2, 2023"
Nice product,,,"Reviewed in India ğŸ‡®ğŸ‡³ on February 28, 2023"
Value for money.,Value for money.,,"Reviewed in India ğŸ‡®ğŸ‡³ on May 4, 2023"
Lightweight and convenient,"This compact is amazing, very lightweight and convenient. Keep it in my purse for daily use. It has a mirror too, so I can do my touchup anytime, anywhere. Preferable for natural to heavy makeup.",,"Reviewed in India ğŸ‡®ğŸ‡³ on February 9, 2023"
Excellent,Excellent,,"Reviewed in India ğŸ‡®ğŸ‡³ on April 29, 2023"
Good product,Good product,,"Reviewed in India ğŸ‡®ğŸ‡³ on February 23, 2023"
Good but not upto mark,Ok but not great as compared to other good brands. Feels heavy on face after application. Also does wear off fast.,,"Reviewed in India ğŸ‡®ğŸ‡³ on March 30, 2023"
Value for money,good product,,"Reviewed in India ğŸ‡®ğŸ‡³ on February 24, 2023"
Natural,Good product,,"Reviewed in India ğŸ‡®ğŸ‡³ on February 20, 2023"
Great,Best at this price,,"Reviewed in India ğŸ‡®ğŸ‡³ on March 4, 2023"
Over all i love the products,Tquu soo much Amazon. I trust you blindlyğŸ¥°ğŸ¥°,,"Reviewed in India ğŸ‡®ğŸ‡³ on April 15, 2023"
Nice product.,Original product.,,"Reviewed in India ğŸ‡®ğŸ‡³ on April 26, 2023"
Good Quality.,Must buy.,,"Reviewed in India ğŸ‡®ğŸ‡³ on April 17, 2023"
Amazing,Really like it.wanna check if it gives sun protection .,,"Reviewed in India ğŸ‡®ğŸ‡³ on January 31, 2023"
Very good product for dry skin ğŸ‘Œ,Texture,,"Reviewed in India ğŸ‡®ğŸ‡³ on April 15, 2023"
Awesome,Loving it. Will buy again,,"Reviewed in India ğŸ‡®ğŸ‡³ on April 26, 2023"
Giod,Nice product,,"Reviewed in India ğŸ‡®ğŸ‡³ on February 6, 2023"
Best ğŸ‘,All time my favourite.,,"Reviewed in India ğŸ‡®ğŸ‡³ on April 14, 2023"
Very good,Nice product best company for compact long lasting,,"Reviewed in India ğŸ‡®ğŸ‡³ on April 6, 2023"
Light weight.. Ok product,"This is so match to my skintone that i can't even see its applied or not ğŸ¤·â€â™€ i use it more n more ... otherwise its light weight, nice light fragrance, good quality ğŸ‘",,"Reviewed in India ğŸ‡®ğŸ‡³ on February 21, 2023"
As expected,Just as described.,,"Reviewed in India ğŸ‡®ğŸ‡³ on April 6, 2023"
